Name,Price
"Placa de Vídeo Palit RTX 5070 GamingPro OC NVIDIA GeForce, 12GB, GDDR7, ARGB SYNC EVO, G-Sync, Ray Tracing, DLSS 4 - NE75070T19K9-GB2050A","R$ 5.499,99"
"Placa de Vídeo Sapphire PULSE RX 9070 GAMING AMD Radeon, 16GB, GDDR6, Dual HDMI, Dual DP, RDNA 4 - 11349-03-20G","R$ 5.599,99"
"Placa de Vídeo Gigabyte RX 9070 GAMING OC 16G AMD Radeon, 16GB, GDDR6, 256bits, RGB, OpenGL 4.6 - GV-R9070GAMING OC-16GD","R$ 6.499,99"
"Placa de Vídeo ASUS TUF RX 9070 O16G GAMING AMD Radeon, 16GB, GDDR6, OpenGL 4.6, RDNA 4 - 90YV0LI0-M0NA00","R$ 5.999,99"
"Placa de Vídeo ASUS PRIME RX 9070 O16G AMD Radeon, 16GB, GDDR6, Axial-tech, OpenGL 4.6 - 90YV0LI1-M0NA00","R$ 5.699,99"
"Placa de Vídeo Sapphire PURE RX 9070 GAMING OC AMD Radeon, 16GB, GDDR6, Dual HDMI, Dual DP, RDNA 4 - 11349-02-20G","R$ 5.799,99"
"Placa de Vídeo RX 6600 CLD 8G ASRock AMD Radeon, 8GB, GDDR6 - 90-GA2RZZ-00UANF","R$ 1.479,90"
"Placa de Vídeo RX 7600 GAMING OC 8G AMD Radeon Gigabyte, 8GB, GDDR6, 128bits, RGB - GV-R76GAMING OC-8GD","R$ 1.899,99"
"Placa de Vídeo RTX 4060 1-Click OC 2X TecLab Lite GALAX NVIDIA GeForce, 8GB GDDR6, G-SYNC, DLSS, Ray Tracing","R$ 2.349,99"
"Placa de Vídeo MSI RTX 3050 Ventus 2X XS OC NVIDIA GeForce, 8GB GDDR6 - 912-V809-4266","R$ 1.599,99"
"Placa de Vídeo RTX 4060 VENTUS 2x Black OC MSI NVIDIA GeForce, 8GB GDDR6, DLSS, Ray Tracing","R$ 2.429,90"
"Placa de Video RTX 4060 Infinity 2 Palit NVIDIA GeForce, 8GB, GDDR6, DLSS, Ray Tracing, G-Sync - NE64060019P1-1070L","R$ 2.409,99"
"Placa de Vídeo GTX 1650 D6 Ventus XS OCV3 MSI NVIDIA GeForce, 4GB GDDR6, G- Sync - 912-V812-003","R$ 1.049,99"
"Placa de Vídeo RX 7800XT Gaming 16G XFX Speedster QICK319 AMD Radeon, 16GB DDR6, HDMI 3xDP 3 FAN - RX-78TQICKF9","R$ 3.899,99"
"Placa de vídeo RTX 4060 ASUS Dual 8G EVO OC NVIDIA GeForce, 8GB GDDR6, G-SYNC, Ray Tracing - 90YV0JC7-M0NA00","R$ 2.409,99"
"Placa de Vídeo RTX 3060 Ventus 2X MSI NVIDIA GeForce, 12GB GDDR6, DLSS, Ray Tracing - RTX 3060 Ventus 2X 12G OC","R$ 2.199,99"
"Placa de Vídeo RX 550 AMD PCYes Dual Fan Projeto Edge, 4GB GDDR5, 128 BITS - PVEX5504GBDF","R$ 529,99"
"Placa De Vídeo RAGE-X RX580 AMD Radeon, 8GB, GDDR5, 256 Bits","R$ 645,87"
"Placa De Vídeo Galax GeForce RTX 4060, 8GB, 1 Click Oc V2, GDDR6, 128 Bits - 46nsl8md9nxv","R$ 2.219,99"
"Placa de Vídeo G210 PCYes Projeto Edge Low Profile NVIDIA GeForce, 1GB DDR3 - PPE210DR3SFBR","R$ 129,99"
"Placa de Vídeo MSI NVIDIA GeForce RTX 3060 Ventus 2X, 12GB OC GDDR6, 192 Bits - 912-V397-272","R$ 2.135,68"
"Placa de Vídeo Gigabyte RTX 3050 Windforce OC NVIDIA GeForce, 6GB, GDDR6, DLSS, Ray Tracing - GV-N3050WF2OCV2-6GD","R$ 1.549,99"
"Placa de Vídeo RTX 4060 EAGLE OC Gigabyte NVIDIA GeForce, 8GB GDDR6, DLSS, Ray Tracing - GV-N4060EAGLE OC-8GD","R$ 2.599,99"
"Placa de Vídeo GTX 1650, Galax NVIDIA GeForce, 4GB GDDR6, EX Plus, 1-Click OC, 128 Bits - 65SQL8DS93E1","R$ 919,00"
"Placa de Vídeo RX 6600 8G-V3 Dual ASUS AMD Radeon, 8GB GDDR6 - 90YV0GP3-M0NA00","R$ 1.949,99"
"Placa de Vídeo RTX 4060 8G V2 Gaming ATS OC ASUS NVIDIA GeForce, 8GB, GDDR6, DLSS, Ray Tracing, G-Sync - 90YV0JM2-M0NA00","R$ 2.399,99"
"Placa de Vídeo RTX 3060 Inno3D Twin X2 OC NVIDIA Geforce, 12GB GDDR6, G-Sync, DLSS, Ray Tracing - N30602-12D6X-11902120H","R$ 2.149,99"
"Placa de Vídeo RX 7600 Series Graphics Cards XFX AMD Radeon, 8GB GDDR6 - RX-76PQICKBY","R$ 1.849,99"
"Placa de Vídeo RTX 4060 Ti OC Edition Asus TUF Gaming NVIDIA GeForce, 8GB, GDDR6, ARGB, DLSS - TUF-RTX4060TI-O8G-GAMING","R$ 3.299,99"
"Placa de Vídeo Galax GeForce RTX 3050 EX V2, 6GB, GDDR6, 96 Bits - 35NRLDHP9OID","R$ 1.439,99"
"Placa de Vídeo Galax NVIDIA GeForce RTX 3060, 12GB GDDR6, LHR, 1-Click OC, 15GBps, Ray Tracing, DLSS - 36NOL7MD1VOC","R$ 2.184,53"
"Placa de Vídeo RTX 3060 Gainward NVIDIA GeForce, Ghost 190AU, 12GB, GDDR6, 192 Bits, Dual FAN - NE63060019K9","R$ 2.099,31"
"Suporte de Placa de Vídeo Rise Mode, ARGB, 500mm, Aura V1, Branco - RM-SPVG-01-ARGB-W","R$ 79,99"
"Placa de Vídeo ASUS RTX 4060 TI ATS O8G V2 Gaming NVIDIA GeForce, 8GB, GDDR6, DLSS, Ray Tracing - 90YV0K00-M0NA00","R$ 3.469,99"
"Placa de Vídeo Galax NVIDIA GeForce RTX 3050 EX, 6GB, GDDR6, 96 Bits - 35NRLDMD9OEX","R$ 1.477,71"
Placa de Vídeo Colorful GeForce RTX 3050 NB DUO 6GB-V,"R$ 1.399,99"
"Placa de Vídeo G610 Projeto Edge Low Profile PCYes NVIDIA GeForce, 2GB, DDR3 - PPE610DR3LPBR","R$ 189,99"
"Suporte de Placa de Vídeo Rise Mode, ARGB, 500mm, Aura V1, Preto - RM-SPVG-01-ARGB-B","R$ 93,99"
"Suporte Para Placa De Vídeo Ntc, R10, Preto - R10blk","R$ 17,58"
"Placa de Vídeo RTX 3060 1-Click OC Galax NVIDIA GeForce, 12GB GDDR6, LHR, DLSS, Ray Tracing - 36NOL7MD1VOC","R$ 2.199,99"
"Placa de Vídeo PCyes NVIDIA RTX 2060 Graffiti Series, 6GB, GDDR6, Preto - PA2060RTX6GDF","R$ 1.629,00"
"Placa de Vídeo RTX 4060 Gaming OC Gigabyte NVIDIA GeForce, 8GB GDDR6, RGB, DLSS, Ray Tracing - GV-N4060GAMING OC-8GD","R$ 2.699,99"
Cabo Extensor PCI Express Rise Mode Riser - RM-EX-PV,"R$ 159,99"
"Placa de Vídeo GTX 750 TI PCYes NVIDIA GeForce, 4GB GDDR5, 128 Bit, Full Size - PA750TIR5DFFS","R$ 679,99"
"Placa de Vídeo RX 6650XT XFX Speedster SWFT210 AMD Radeon, 8GB GDDR6, HDMI 3xDP 2 FAN - RX-665X8DFDY","R$ 1.799,99"
"Placa de Vídeo R5 220 PCYes Projeto Edge Low Profile, AMD Radeon 2GB, DDR3 - PPER5DR3LPBR","R$ 165,99"
"Placa De Vídeo Gamer Hwj AMD Radeon Rx580 HDMI 8GB, GDDR5, 256bits","R$ 835,90"
"Placa de Vídeo PNY NVIDIA GeForce GT 1030, 2GB, GDDR4 - GMG103WE3G2CX1KTP","R$ 449,99"
"Placa de Vídeo RTX 3050 Twin X2 Inno3D NVIDIA GeForce, 6GB - N30502-06D6-1711VA60","R$ 1.359,99"
"Placa de Vídeo RTX 4060 Ti Gaming OC 8G Gigabyte NVIDIA GeForce, 8GB GDDR6, 128bits, RGB, DLSS, Ray Tracing - GV-N406TGAMING OC-8GD","R$ 3.499,99"
"Placa de Vídeo R5 230 PCYes Projeto Edge Low Profile NVIDIA GeForce, 2GB DDR3 - PPER230DR3LPBR","R$ 175,90"
Placa De Vídeo RTX 4060 8GB Python Ii Gddrd6 128b Gainward - Ne64060019p1-1070v,"R$ 2.120,90"
"Placa De Video Vx Pro Nvidia Geforce Gt610lp, 2gb, Ddr3, 64bit, Gt610lp-2gd3 *","R$ 170,53"
"Placa de Vídeo RX 7600 Steel Legend ASRock AMD Radeon, 8GB GDDR6, ARGB - 90-GA4DZZ-00UANF","R$ 2.399,90"
"Placa de Vídeo RTX 4060 EAGLE OC ICE Gigabyte NVIDIA GeForce, 8GB GDDR6, DLSS, Ray Tracing - GV-N4060EAGLEOC ICE-8GD","R$ 2.699,99"
"Placa De Video Pcyes AMD Radeon R7 240, 4GB, GDDR5, 128 Bits, Single-fan, Gaming Edition - Pvr2404gbr5128","R$ 354,13"
"Kit Adaptador Cooler Master de Placa de Vídeo Vertical Universal V3, Pcie 4.0, com Cabo Riser 4.0 Incluso, Preto e Cinza - MCA-U000R-KFVK03","R$ 597,99"
"Placa de Vídeo RX 7600 XT GAMING OC 16G AMD Radeon Gigabyte, 16GB GDDR6, 128bits, RGB - GV-R76XTGAMING OC-16GD","R$ 2.999,99"
"Placa de Vídeo RX 7800 XT Phantom Gaming 16G OC ASRock AMD Radeon, 16GB, ARGB, Ray Tracing - 90-GA4MZZ-00UANF","R$ 4.549,99"
"Placa De Video Pcyes GTX 1660 Super NVIDIA GeForce 6GB, GDDR6, 192bits - Pa1660s6gr6df","R$ 1.620,31"
"Placa De Vídeo RX 580 PCwinmax, 16GB RAM, GDDR5, Branca, 256bits","R$ 851,80"
"Placa de Vídeo RTX 4060 Ti Eagle OC Gigabyte NVIDIA GeForce, 8 GB GDDR6, DLSS, Ray Tracing - GV-N406TEAGLE OC-8GD G10","R$ 3.299,99"
"Placa de Vídeo Inno3D GT710 NVIDIA GeForce, 2Gb SDDR3, HDMI, DVI e VGA - N710-1SDV-E3BX","R$ 319,99"
"Placa de Vídeo PCWINMAX RX 580 Gamer AMD Radeon 16GB, GDDR5, 256bits, LED, RGB, Branca","R$ 999,00"
"Placa de Vídeo RX 6500 XT V2 OC Edition, 4GB GDDR6, Axial-tech fans, 2-slot design - DUAL-RX6500XT-O4G-V2","R$ 1.149,99"
"Placa de Vídeo Gigabyte RX 7700 XT GAMING OC 12G AMD Radeon, 12GB, GDDR6, 192bits, RGB - GV-R77XTGAMING OC-12GD","R$ 3.699,99"
"Placa de Vídeo RX 7900 XTX Magnetic Air Gaming Graphics Card with XFX Mercury AMD Radeon, 24GB GDDR6, Freesync - RX-79XMAIRB9","R$ 7.779,99"
Placa De Video Vxpro 4gb Nvidia Gt 730 Ddr3 Low Profile Gt730lp-4gd3-c,"R$ 339,98"
"Placa de Vídeo RX 7700 XT Phantom Gaming 12G OC ASRock AMD Radeon, 12GB, GDDR6, Ray Tracing - 90-GA4LZZ-00UANF","R$ 3.699,99"
"Placa De Vídeo RTX 4060 TI Ventus 2x Oc, MSI, Nvidia, 8GB RAM, GDDR6 - 912-V515-024","R$ 3.774,56"
"Placa de Vídeo R7 250 PCYes AMD Radeon, 4GB GDDR5, 128 Bit - PJR7250X4GB","R$ 449,99"
"Placa de Vídeo RX 7900XTX BLACK Gaming 24G XFX Speedster MERC310 AMD Radeon, 24GB DDR6, 3 FAN - RX-79XMERCB9","R$ 7.499,99"
"Placa de Vídeo Intel Arc A380 Low Profile 6G AsRock, 6GB GDDR6, Dr. MOS - 90-GA46ZZ-00UANF","R$ 1.099,99"
"Placa De Vídeo Vx Pro Duex GT 210 GeForce 1GB, DDR3, 64 Bits, Low Profile, VGA/HDMI/DVI - G210lp-1gd3","R$ 143,44"
Placa de Vídeo Colorful GeForce RTX 4060 NB DUO 8GB-V,"R$ 2.299,99"
"Placa De Vídeo Colorful Nvidia Geforce GTX 1660 Super Nb Duo 6g-v, 6GB","R$ 1.424,05"
"Placa de Vídeo PCYes NVIDIA GeForce GT 740, 4GB DDR5, 128 Bits - PA740GT12804D5FZ","R$ 458,95"
"Placa de Vídeo RTX 3050 ASUS 6G Dual OC NVIDIA GeForce, 6GB GDDR6, DLSS, Ray Tracing, G-Sync - 90YV0K60-M0NA00","R$ 1.479,99"
"Placa de Vídeo RX 6800XT Graffiti Series PCYes AMD, 16GB, GDDR6, 256 Bits - PJRX6800GR616GBGS","R$ 3.899,99"
"Placa de Vídeo RTX 4060 TI DUAL 8G OC EVO White ASUS NVIDIA GeForce, 8GB GDDR6, DLSS, Ray Trancing, G-Sync - DUAL-RTX4060TI-O8G-EVO-WHITE","R$ 3.399,99"
"Placa de Vídeo PNY Quadro A2000 RTX A2000 NVIDIA GeForce 12GB , GDDR6 192bits - Vcnrtxa200012GB-pb","R$ 5.227,11"
"Placa de Vídeo Afox AMD Radeon R5 220, 2GB, DDR3, 64Bits - AFR5220-2048D3L9-V2","R$ 199,42"
"Placa de Vídeo Afox RX 550 AMD Radeon 4GB, GDDR5, 128 Bits - AFRX550-4096D5H4-V5","R$ 599,89"
"Placa de Vídeo PowerColor AMD Radeon RX550, 4GB, GDDR5, 128 Bits - 4GBD5-HLE","R$ 533,20"
"Placa De Vídeo R5 220 Pcyes AMD Radeon 2GB, DDR3, 64 Bits - Pper5dr3lpbr","R$ 198,69"
Placa De Vídeo Geforce RTX 4080 Super Amp 16gb Gddr6x - Zt-s4082f-10p,"R$ 11.901,95"
Suporte P/ Placa De Vídeo Ajustável Preto Com Base Imantada Ax-b100,"R$ 64,99"
"Placa de Vídeo RX 7600 XT ASUS AMD Radeon Tuf 16G Gaming OC, 16GB GDDR6 - 90YV0K20-M0NA00","R$ 3.849,99"
"Placa De Vídeo Nvidia Duex Geforce Gt 730, 4GB, GDDR3, 128 Bits - Gt730lp-4gd3","R$ 1.320,13"
"Placa De Video Vx Pro Amd Radeon Rx580, 8GB, 256bits, Rx580-8gd5 Vx Pro","R$ 899,00"
"Placa de Vídeo Galax NVIDIA GeForce GT710, 2G,B DDR3, 64Bits - 71GPF4HI00GX","R$ 362,08"
Placa De Vídeo Msi RTX 3050 6gb 96bits Gddr6 Low Profile Oc PCi-e - 6266 6266,"R$ 1.699,90"
"Placa de Vídeo X 7800 XT GAMING PULSE Sapphire AMD RADEON, 16GB GDDR6 DUAL HDMI - 11330-02-20G","R$ 4.299,99"
"Placa De Vídeo Vxpro Nvidia Geforce Gt740lp, 4gb, 128bit, Ddr3, Vxgt740lp-4gd3","R$ 326,66"
Placa De Video PCi-e 1gb PCyes Edge G 210 - 64 Bits - Dvi/hdmi/vga - Low Profile - Ppe210dr3sfbr,"R$ 146,95"
Placa De Video Quadro 4GB Ddr6 64bit Vcnt4004GB-pb T400 Pny,"R$ 1.471,66"
"Suporte Placa De Vídeo Vertical, Rosqueável 80-120mm, Prata, Coolmoon GH-120","R$ 46,41"
Placa De Video Gamer Nvidia RTX 2060 6gb 192bits Gddr6 HDMI,"R$ 1.549,00"
"Placa De Vídeo MSI GTX 1650 D6 Ventus XS OCV3 NVIDIA GeForce, 4GB, GDDR6, 128 Bits - 912-V812-003","R$ 1.183,60"
"Placa de Vídeo Intel Arc A770 Phantom Gaming AsRock, 16GB, GDDR6, RGB, Polychrome SYNC - 90-GA4KZZ-00UANF","R$ 2.799,99"
"Placa de Vídeo PNY NVIDIA GeForce Quadro RTX A4000, 16GB, 256 Bits","R$ 10.273,62"
Placa De Vídeo Rx 580 8GB Gdd5 256bits Bluecase,"R$ 1.099,99"
"Placa de Vídeo Duex NVIDIA GeForce GTX 750 TI, 4GB GDDR5, 128 Bits - DX GTX750TI-4GD5","R$ 633,16"
Placa De Vídeo RTX3060 8GB Twin X2 G6 128bits Inno3d - N30602-08d6-11902130,"R$ 2.061,67"
"Placa de Vídeo Asus NVIDIA GeForce RTX 3060, 12GB GDDR6, LHR, 192 Bits - DUAL-RTX3060-O12G-V2","R$ 2.629,00"
"Placa De Video Zotac Gaming, GeForce RTX 4060TI, 8GB GDDR6, 128-BIT, Twin Edge - ZT-D40610E-10M","R$ 3.599,00"
"Placa De Vídeo RTX 4060 VENTUS 2x White Oc Msi NVIDIA Geforce, 8GB, GDDR6, DlSS, Ray Tracing - 912-v516-030","R$ 2.901,05"
Placa de Vídeo Colorful GeForce RTX 4060 Ti NB EX 8GB-V,"R$ 3.299,99"
"Suporte Placa De Vídeo Coolmoon, Argb, Controlável, 5v, 3 Pin","R$ 109,90"
"Placa De Vídeo Vxpro RX 550 Radeon 4GB, DDR5, 128 Bits, Low Profile, HDMI/dVI/display Port - Vxrx550-4gd5","R$ 493,20"
"Placa de Vídeo Galax GT 1030, NVIDIA GeForce 2GB, DDR5, 64 Bits, 6008MHz - 30NPH4HVQ4ST","R$ 531,99"
"Suporte Para Placa De Vídeo (GPU) GH3 PRO, Coolmoon, Ajuste Vertical, Preto, ARGB 5v, Com Visor de Temperatura e LED Infinito","R$ 204,46"
"Placa De Vídeo Valianty Radeon Rx 550, 4gb, GDDR5, 128-bit, Preto","R$ 525,02"
"Suporte Placa De Vídeo Vertical, Rosqueável 50-80mm, Prata, Coolmoon GH-80","R$ 42,61"
"Placa de Vídeo ASRock AMD Radeon, RX 6600 CLD 8G, 8GB, GDDR6, 128 Bits - 90-GA2RZZ-00UANF","R$ 1.979,99"
"Suporte para Placa De Vídeo Coolmoon, Branco, LED ARGB 5v, 3 Pinos, 280mm, Controlável","R$ 131,48"
"Placa De Video Revenger RX 550 AMD Radeon 4GB, GDDR5, 128Bits","R$ 538,90"
Placa de vídeo RTX 4060 8GB GDDR6 DLSS 3 Ray Tracing 3ª Geração Tensor Cores Palit Infinity 2 Dual Fan Nvidia Geforce - NE64060019P1-1070L,"R$ 3.926,79"
"Placa de Vídeo Revenger Nvidia GeForce GT730, 4GB DDR3, PCIe","R$ 341,90"
"Placa de Vídeo Intel Arc A750 Challenger D ASRock, 8 GB GDDR6 - 90-GA3HZZ-00UANF","R$ 1.599,99"
"Placa de Vídeo Afox AMD Radeon R5 220, 2GB SDDR3 - AFR5220-2048D3L5-V2","R$ 179,99"
"Placa de Vídeo Galax NVIDIA GeForce GTX 1660, 6GB GDDR5, 1-Click OC - 60SRH7DSY91C","R$ 2.739,53"
Placa De Vídeo Vxpro Nvidia Geforce Gtx 750 Ti 4gb GDDR5 128 Bits - Gtx750ti-4gd5,"R$ 524,60"
Placa De Video Amd Radeon Rx580 GDDR5 8GB 256 Bits White,"R$ 999,99"
"Placa De Video Star 4GB Hd7670, 128bits, DDR5, Low Profile, Hd7670-graphic","R$ 410,00"
"Placa De Vídeo Brx Amd Radeon Rx 580, 16gb, GDDR5, 256 Bits, Pvbrx-rx58016gb","R$ 1.490,00"
"Placa De Vídeo Pny Nvidia Geforce RTX 4060 Verto, Dual Fan, 8GB, GDDR6, Dlss, Ray Tracing - Vcg40608dfxpb1","R$ 2.602,59"
"Placa de Vídeo Afox AMD Radeon RX 550, 4GB GDDR5, 128 Bits - AFRX550-4096D5H4-V6","R$ 579,90"
"Placa De Vídeo RTX3050 Nvidia, GDDR6, 6GB, 96 Bits, PCyes - PvRTX30506gb","R$ 1.349,00"
"Placa de Vídeo PNY NVIDIA GeForce Quadro T1000, 8GB GDDR6 - VCNT10008GB-PB","R$ 4.128,98"
"Placa De Vídeo Vxpro, 2gb Ddr3, 64 Bits, Low Profile, HDMI/dvi/vga - Gt610lp-2g","R$ 127,86"
"Placa de Vídeo PCyes GeForce GTX 750 Ti, 4GB, GDDR5, 128bits, Dual Fan - Pa750tir5dffs","R$ 611,98"
"Placa de Vídeo Power Color Fighter AMD Radeon AXRX 6600, 8GB, GDDR6 - 8GBD6-3DH","R$ 1.889,91"
"Placa de Vídeo PCyes Radeon R5 230, 2GB, DDR3, Projeto Edge, Low Profile","R$ 335,88"
Placa de Vídeo ASRock Intel Arc B570 Challenger 10G OC - 90-GA5KZZ-00UANF,"R$ 2.049,99"
"Placa de Vídeo Quadro RTX A2000 PNY NVIDIA, 12GB GDDR6, Ray Tracing - VCNRTXA200012GB-PB","R$ 5.299,99"
"Suporte Para Placa De Vídeo (GPU) GH3 PRO, Coolmoon, Ajuste Vertical, Branca, ARGB 5v, Com Visor de Temperatura e LED Infinito","R$ 195,16"
Kit Adaptador Gpu Vertical Cooler Master Pcie 4.0 - Mca-u000r-kfvk03,"R$ 639,47"
"Placa de Vídeo Asus NVIDIA GeForce GTX 1650 TUF, 4GB GDDR6, 2 FANs","R$ 2.149,90"
"Placa de Vídeo RTX 5000 Ada PNY NVIDIA Quadro , 32GB, GDDR6, 256bits - VCNRTX5000ADA-PB","R$ 32.999,99"
"Placa De Video PCyes Geforce Gt 610, 2gb, GDDR3, 64-bit, Ppe610dr3lpbr","R$ 222,06"
"Placa de Vídeo Afox NVIDIA GeForce GTX 750, 4GB DDR5, 128 Bits - AF750-4096D5L4","R$ 1.208,91"
"Placa de Vídeo Knup NVIDIA GeForce GT730, 2GB DDR3, 128 Bits, VGA/HDMI/DVI - KP-GT730/AB","R$ 565,24"
"Placa De Vídeo Duex Nvidia Geforce Gt610lp, 2gb, Ddr3, 64bit","R$ 169,89"
Placa De Video Vxpro 2gb Nvidia Gt 730 Ddr3 Low Profile Vxgt730lp-2gd3-a,"R$ 319,00"
"Placa de Vídeo Quadro T1000 PNY NVIDIA, 8GB, GDDR6, PCIe 3.0 - VCNT10008GB-PB","R$ 3.499,99"
"Placa De Vídeo Rx580 Radeon Amd, 8GB, GDDR5, 256bit PCwinmax","R$ 1.032,40"
"Placa de Vídeo Galax NVIDIA GeForce GTX 1050 TI, 4GB GDDR5, 1Click OC Dual, 128 Bits - 50IQH8DSQ3CC","R$ 1.522,36"
"Placa de Vídeo Afox NVIDIA GeForce GT730, 4GB DDR3, 128 Bits, HDMI, DVI, VGA - AF730-4096D3L6","R$ 449,99"
Placa De Vídeo Rtx3050 8gb Twin X2 V2 Gddr6 Inno3d - N30502-08d6-1711va41,"R$ 1.720,58"
"Placa de Vídeo Dex AMD R7 240, 2GB DDR5, 128 Bits, VGA/DVI/HDMI - PV-04A","R$ 477,00"
"Placa De Vídeo Vxpro, 4gb Ddr3, 128 Bits, Low Profile, HDMI/dvi/vga - Gt730lp-4gd3-a","R$ 278,12"
Placa De Video Winfox G210 1gb G210-1gd3 Ddr3 Box,"R$ 136,07"
"Placa De Vídeo Aitek GT210, 1GB, DDR3, VGA/HDMI, 500MHz","R$ 139,99"
Placa De Video Brx Rx580 16gb 2048sp 256bit,"R$ 1.561,72"
Suporte Argb Para Placa De Video Cooler Master - Mca-u000r-gsbtg-00,"R$ 237,85"
"Placa de Vídeo Duex NVIDIA GeForce G 210, 1GB DDR3 - G210LP-1GD3","R$ 165,24"
"Placa De Vídeo Galax RTX 4060 Geforce, 8GB, GDDR6, 128 Bits, Ray Tracing - 46nsl8md8zoc","R$ 4.404,90"
"Placa De Vídeo BRX Geforce GTX 750, 4GB, 128 Bits","R$ 624,75"
"Placa de Vídeo Asus NVIDIA GeForce GTX1650, 4GB DDR6, Displayport, DVI, HDMI - 90YV0EZ0-M0NA00","R$ 1.464,74"
"Placa de Vídeo Gainward NVIDIA GeForce GTX 1050 TI, 4GB GDDR5, 128 Bits - NE5105T018G1-1070F","R$ 1.400,64"
"Placa De Vídeo Duex Geforce Gt 210, 1gb Ddr3, 64 Bits, Low Profile, HDMI/dvi/vga - G210lp-1gd3","R$ 106,54"
"Placa de Vídeo GT740 Keepdata, 2GB, DDR5, VGA, 128bit - Kdgt740-2gd5/b","R$ 488,70"
"Placa de Vídeo Zotac NVIDIA GeForce GT730, 4GB DDR3, 64 Bits, Low Profile, HDMI/DVI/VGA - ZT-71115-20L","R$ 428,35"
"Placa De Vídeo Pcyes Nvidia Geforce Gtx 1050 Ti, 4 GB Gddr5, 128bits, Dual Fan, Graffiti Series","R$ 1.739,88"
"Placa de Vídeo PNY NVIDIA GeForce Quadro T400, 2GB GDDR6, 64 Bits - VCNT400-PB","R$ 894,57"
"Placa De Vídeo Nvidia Duex Geforce GT 610, 1GB, GDDR3, 64 Bits","R$ 133,45"
"Placa De Vídeo Pny Nvidia Quadro RTX A1000, 8GB, Gddr6, 128bits - VcnRTXa1000atx-pb","R$ 4.014,90"
"Placa De Video Nvidia Geforce Gt 1030 2Gb Gddr5 64bit, Single Fan Low Profile - Pa1030gtg5lp","R$ 555,98"
"Placa De Vídeo Pny RTX A400 4gb, Gddr6, 64-bits, 4x Mdp - VcnRTXa400atx-pb","R$ 1.534,41"
"Placa de Vídeo Afox AMD Radeon RX 560, 4GB GDDR5, 128 Bits - AFRX560-4096D5H4-V2","R$ 555,44"
"Placa De Video Asus Rx 550 Radeon, 4GB, GDDR5, 128 Bits - Ph-rx550-4g-evo","R$ 1.099,90"
"Placa De Vídeo Asrock Arc A310 Low Profile, 4gb, Gddr6, 64-bit, Preto","R$ 973,57"
"Placa de Vídeo Asus AMD, 12GB GDDR6 - TUF-RX6700XT-O12G-GAMING","R$ 11.039,20"
"Placa de Vídeo MSI NVIDIA GeForce GTX 1650 D6 Ventus OCV1, 4GB, GDDR6 - 912-V809-3616","R$ 1.899,00"
"Placa de Vídeo Afox NVIDIA GeForce GTX750TI, 2GB GDDR5, 128 Bits, HDMI/DVI/VGA - AF750TI-2048D5H5-V2","R$ 614,14"
"Placa de Vídeo DEX NVIDIA GeForce GTX550TI, 1GB DDR5, 128 Bits, VGA/DVI/HDMI - PV-05","R$ 441,23"
"Placa de Vídeo Afox NVIDIA GeForce GTX750, 2GB GDDR5, 128 Bits, HDMI, DVI, VGA - AF750-2048D5L4","R$ 898,20"
"Placa De Vídeo Asus Nvidia Geforce RTX 4060, Dual White Oc, 8GB, GDDR6, 128 Bits - Dual-Rtx4060-O8g","R$ 2.996,46"
Placa De Video Galax Geforce RTX 4070 Teclab Dual 12gb Gddr6x 192 Bits - 47nom7mdabxv,"R$ 6.301,90"
"Placa De Vídeo Pcyes Nvidia Geforce G 210, 1GB, DDR3, 64Bits - Pvg2101gbr364lp","R$ 248,90"
"Placa de Vídeo PCYes AMD Radeon RX 550, 4GB, PCI Express, Freesync - PJRX550DR5128B","R$ 1.699,15"
Gpu Nv RTX3050 6gb Gddr6 Pegasus 96bits Gainward Ne63050018je-1070e,"R$ 1.770,44"
"Placa De Vídeo Nvidia Geforce 4gb Gtx 550ti, GDDR5, 128 Bit, G-gtx550ti/4g -revenger","R$ 374,38"
"Placa De Vídeo Pcyes Radeon R5 220, 2GB, GDDR3, 64 BITS, Low Profile - PVR52202GBR364","R$ 240,45"
"Placa De Vídeo Zotac, RTX 3050, 6GB, Lp Gddr6, 96bits - Zt-a30510l-10l","R$ 1.453,94"
"Placa de Video Zotac GeForce RTX 4080 AMP Extreme Airo, 16GB, GDDR6X, 256 bit - ZT-D40810B-10P","R$ 11.533,24"
"Placa de Vídeo Challenger ASRock, AMD Radeon RX 7600, 8GB, GDDR6, 128 Bits - 90-GA41ZZ-00UANF","R$ 2.474,56"
Placa De Video Nvidia Gt 1030 4gb GDDR4 64bit PCyes Single Fan Com Adaptador Para Gabinete Low Profile,"R$ 819,00"
"Placa De Vídeo Pny Nvidia Quadro RTX 2000 Ada Generation, 16gb Gddr6, 128bits - VcnRTX2000ada-pb","R$ 6.666,06"
"Placa de Vídeo PCYes NVIDIA GeForce Graffiti Series GTX 1650, 4GB GDDR6, 8Gbps - PA1650412820DR6","R$ 2.111,88"
"Placa de Vídeo Palit NVIDIA GeForce RTX 3050 Dual, 8GB GDDR6, LHR, DLSS, Ray Tracing - NE63050019P1","R$ 3.843,55"
Gt 1030 2GB 64bits Pcwinmax Gt1030-2gd5 DDR5,"R$ 404,11"
Placa De Vídeo Keepdata Geforce Gtx960 4gb Ddr5 PCi-express,"R$ 1.152,00"
"Placa de Vídeo Asus AMD RX6600XT Dual, 8GB, 128 Bits","R$ 2.336,83"
"Placa De Vídeo Gt610 Duex Nvidia GeForce, 1GB, GDDR3 64 Bits Low Profile - Gt610lp-1gd3","R$ 165,24"
"Placa de Vídeo Afox NVIDIA GeForce GT420, 2GB DDR3 - AF420-2048D3L2","R$ 328,49"
"Suporte Placa De Vídeo Infinity, Led, Argb, Infinito 3 Pinos 5v, Vertical, Branco Prateado","R$ 159,32"
"Placa de Vídeo PCYes AMD Radeon R5 230, 2GB DDR3, 64 Bits - PA230DR364LP","R$ 255,77"
"Placa de Vídeo MSI RTX 3050 Ventus 2X OC, 6GB RAM, GDDR6, 96 Bits - 912-V812-016","R$ 1.526,97"
"Placa de Vídeo Galax NVIDIA GeForce RTX 3070, 8GB RAM, LHR, 1-Click OC - 37NSL6MD2KCH","R$ 4.229,10"
"Placa de Vídeo Galax NVIDIA GeForce RTX 3070 EX OC, 8GB, 256 Bits","R$ 4.684,58"
"Placa de Vídeo RTX A6000 PNY NVIDIA Quadro, 48 GB GDDR6, Ray Tracing - VCNRTXA6000-PB","R$ 43.999,99"
"Placa de Vídeo Afox NVIDIA GeForce GT730, 2GB DDR3, HDMI/DVI/VGA","R$ 488,96"
"Placa de Vídeo Galax NVIDIA GeForce RTX 3050 EX OC, 8GB GDDR6, LHR, 1-Click, 128 Bits - 35NSL8MD6YEX","R$ 2.922,90"
"Placa De Vídeo AFOX AMD Radeon R5 230 1GB, DDR3, HDMI, VGA, DVI - AFR5230-1024D3L9-V2","R$ 188,78"
"Placa De Vídeo Pny Nvidia, Quadro RTX A4500, 20GB, GDDR6 - Vcnrtxa4500-Pb","R$ 11.820,32"
"Suporte Placa De Vídeo Coolmoon, Vertical, Branca, ARGB 5V 3 Pinos, Ajustável, LED Endereçável","R$ 112,53"
"Placa de Vídeo PCYes NVIDIA GeForce G210, 1GB DDR3, HDMI/VGA/DVI - PA210G6401D3LP","R$ 279,00"
"Placa De Vídeo Zotac Nvidia RTX 4060, Spider-Man, 8GB, 128bits, Oc","R$ 2.873,72"
"Placa de Vídeo Duex NVIDIA GeForce GTX 750TI, 2GB DDR5 - GTX750TI-2GD5","R$ 553,70"
"Placa de Vídeo DEX NVIDIA GeForce GTX 750TI 700 Series, 2GB DDR5 - PV-07","R$ 1.117,11"
"Placa de Vídeo PCYES, AMD RX550, 4GB RAM, Open GL 4.6, DP+HDMI+DVI, Windows e Linux","R$ 854,05"
"Placa de Vídeo Colorful NVIDIA GeForce RTX 3070 TI Ultra W OC-V Igame, 8GB GDDR6X, 256 Bits","R$ 5.499,90"
"Placa de Vídeo Asus NVIDIA GeForce RTX 2060, 12GB GDDR6, 128 Bits - DUAL-RTX2060-O12G-EVO","R$ 5.251,00"
"Placa de Vídeo Gainward NVIDIA GeForce RTX 3080 TI Phoenix G6X, 12GB, 384 Bits","R$ 10.122,64"
"Placa de Vídeo Afox NVIDIA GeForce GT610, 2GB DDR3 - AF610-2048D3L5","R$ 345,05"
Placa De Vídeo Rtx 4070 12gb Super Ghost 192bits Gainward - Ned407s019k9-1043b,"R$ 6.999,00"
"Placa de Vídeo Gigabyte NVIDIA GeForce RTX 2060 D6, 6GB GDDR6, 192 Bits","R$ 4.419,79"
"Placa de Vídeo Afox AMD Radeon R5 230, 1GB DDR3, Low Profile - AFR5230-1024D3L4","R$ 197,99"
"Placa de Vídeo Colorful NVIDIA GeForce G-C1030, 2GB DDR4, V5-VPLAC, HDMI, VGA","R$ 620,67"
"Placa de Vídeo Colorful NVIDIA GeForce RTX 3080 TI Igame, 12GB GDDR6X, LHR, Advanced OC-V, 384 Bits","R$ 7.599,05"
"Placa de Vídeo Gigabyte AMD Radeon RX 6500 XT Eagle, 4GB GDDR6, FSR, Ray Tracing - GV-R65XTEAGLE-4GD","R$ 1.709,10"
"Placa De Vídeo RTX 4060 Asus Dual O8g Evo Nvidia Geforce, 8GB, GDDR6, 128 Bits","R$ 3.028,68"
Placa De Vídeo Gtx1650 4g Twin X2 V3 Gddr6 Inno3d - N16502-04d6x-171330n,"R$ 1.180,90"
"Suporte Placa De Vídeo Infinity, LED, ARGB, Infinito 3 Pinos, 5v, Vertical, Preto","R$ 159,32"
"Placa de Vídeo Galax GTX 1660 Super NVIDIA GeForce 6GB, GDDR6 - 60SRL7DSY91S","R$ 2.680,90"
"Placa de Vídeo Keepdata GTX750ti, 4GB, DDR5, VGA, 128bit - Kdgtx750ti-b","R$ 690,00"
"Placa De Vídeo Gamer Amd Radeon Rx470, 4gb GDDR5, Clock 6600mhz, 256bit, PCi-e 3.0x16, HDMI Dvi E Dp, Alto Desempenho","R$ 628,20"
"Placa de Vídeo Galax, NVIDIA GeForce RTX 3050 V2, 8GB GDDR6, LHR, 1-Click OC, DLSS, Ray Tracing - 35NSL8MD5YBP","R$ 1.949,00"
"Placa De Vídeo Zotac NVIDIA Geforce RTX 4060 Twin Edge Oc, 8GB, GDDR6, 128 Bits, HDMI E Displayport - Zt-d40600h-10m","R$ 3.051,44"
"Placa de Vídeo Afox NVIDIA GeForce GT220, 1024 MB DDR3, 128 Bits, Low Profile, HDMI, DVI, VGA - AF220-1024D3L2","R$ 284,17"
"Placa De Vídeo RTX 3060 Zotac Nvidia Geforce, 12GB, GDDR6, 192 Bits - A30600p-10m","R$ 2.078,95"
"Placa De Vídeo Zotac Gaming Geforce RTX 4060 Ti Twin Edge Oc, 8GB, Gddr6, 128-bit, RGB","R$ 3.964,87"
Placa De Vídeo Nvidia Revenger Geforce Gt 705 Vga/hdmi 1gb,"R$ 154,99"
"Placa De Vídeo Pcyes GTX 750 Ti NVIDIA GeForce, GDDR5 2GB, 128bits, Dual Fan - Pj750tir5df 3568","R$ 595,86"
"Placa De V?deo Vx Pro Nvidia Geforce Gtx750 Ti, 2gb, 128bits, Gtx750ti-2gd5 *","R$ 506,54"
"Placa de Vídeo Asrock Radeon RX 7600 XT Steel Legend, 16GB OC GDDR6, 128-bits, 3x DP, 1x HDMI - 90-GA4ZZZ-00UANF","R$ 3.719,49"
"Placa de Vídeo Knup NVIDIA GeForce Revenger GTX 750TI Gamer, 2GB DDR5, DVI, VGA, HDMI - GTX750TI/2G","R$ 773,25"
"Placa de Vídeo PCYes AMD Radeon 5450, 1GB DDR3, 64 Bits - PJ54506401D3LP","R$ 336,00"
"Placa De Vídeo Duex Nvidia Gt210, 512MB, DDR3 64 Bits - G210lp-512md3","R$ 173,52"
"Placa De Vídeo Zotac Gtx1650, 4GB, GDDR6 Amp - T16520j-10l","R$ 1.350,00"
"Placa De Vídeo RTX 3050, Geforce, Inno3d, Twin X2 Oc, 8GB, GDDR6, 128 Bits","R$ 1.805,15"
"Placa de Vídeo Knup NVIDIA GeForce GT-210, 1GB DDR3, HDMI, 64 Bits","R$ 132,05"
"Placa De Vídeo Gt610,DDR3, 2GB, VGA, HDMI, Nvidia Pcie X16 2.0","R$ 174,71"
"Placa de Vídeo AMD Radeon RX 560, 4GB, GDDR5, 128bits - Pcwinmax Rx560-4gd5g","R$ 666,39"
"Placa De Video Pny, 4GB, Quadro K1200, DDR5, 128bits, Minidisplayport, Vcqk1200dp-pb","R$ 1.984,85"
Placa De Vídeo Msi RTX 3050 6gb 96bits Gddr6 Low Profile Oc PCi-e - 6266 6266,"R$ 1.511,91"
Cabo Riser Pci-e 3.0 X16 Thermaltake Premium - Ac-045-cn1otn-c1,"R$ 632,56"
"Placa de Vídeo PNY NVIDIA GeForce, RTXA2000 - VCNRTXA2000-PB I","R$ 4.745,13"
Amd Radeon Rx 550 4gb GDDR5 128bits - Vxpro Dual Fan - Vxr554f000069,"R$ 559,99"
Placa Vídeo Nvidia Gaming Geforce Gt730 2gb Ddr3 PCi Express,"R$ 309,81"
"Placa De Vídeo Sapphire Multi AMD Radeon RX 7600, 8GB GDDR6 - Preto","R$ 2.777,67"
"Placa de Vídeo Afox AMD Radeon R5 220, 2GB DDR3, 64 Bits, LP, HDMI, DVI, VGA - AFR5220-2048D3L9-V2","R$ 207,90"
"Suporte P/ Placa De Video, Em Gabinete, Deepcool, GH-01 A-RGB","R$ 229,90"
"Placa de Vídeo Zotac NVIDIA GeForce RTX 3060 Twin Edge, 12GB GDDR6 - ZT-A30600E-10M","R$ 2.586,76"
"Placa De Vídeo Afox Nvidia GeForce GT 610, 1GB, DDR3, 64bit - AF610-1024D3L5","R$ 186,99"
"Placa De Vídeo Gamer Nvidia Geforce Gtx1660s, Gddr6 6gb, Clock 1.530 Mhz, PCi Express 3.0 X16, Compatível Opengl, HDMI Dvi-d Dp, Upgrade PC","R$ 1.587,11"
"Placa De Vídeo Zotac Gaming Geforce RTX 4060 Twin Edge Oc, 8GB, Gddr6, 128-bit, Branco","R$ 2.855,63"
"Placa de Vídeo MSI NVIDIA GeForce Gaming X GTX 1660 Super, 6GB, 192 Bits","R$ 2.132,90"
Placa De Video Bluecase 4gb Rx 560 Ddr5 128bits - Dp/hdmi/dvi,"R$ 611,71"
"Placa De Vídeo Evolut Gt730, 4GB, DDR3, 128 Bit, HDMI","R$ 377,91"
"Placa De Vídeo Geforce RTX 3060 Twin Edge Zotac Gaming Geforce, 12gb Gddr6, 15 Gbps, Ray Tracing -zt-a30600-10m","R$ 2.693,22"
"Placa De Vídeo Nvidia Duex Geforce, Gtx 1650 Pro, T66o, 4GB, GDDR6, 128 Bits","R$ 1.089,00"
"Placa de Vídeo Gainward NVIDIA GeForce GTX1650 Ghost, 4GB GDDR6, 128 Bits - NE6165001BG1-1175D","R$ 2.596,65"
"Placa de Vídeo Duex AMD Radeon RX550, 4GB GDDR5, 128 Bits, HDMI/DVI/DISPLAYPORT - DX RX550-4GB","R$ 559,00"
"Placa de Vídeo Nvidia Duex GT730, 4GB, DDR3, 128 Bits, Low Profile, HDMI, DVI, VGA - GT730LP-4GD3","R$ 459,00"
"Placa de Vídeo RX6600, 8GB GDDR6, 128Bit,Gaming, Clock 2495MHz, Banda 224GB/s","R$ 2.116,52"
Gpu Gt 1030 4gb GDDR4 64bit Single Fan Low Profile - Pagt10304gbg4lp,"R$ 1.079,88"
"Placa de Vídeo PCYes AMD Radeon RX 550, 4GB GDDR5, Grafiti Series - PAJRX550DR5DF","R$ 855,55"
"Placa de Vídeo PCYes RTX 2060 NVIDIA GeForce GEF 6GB, GDDR6, 192 Bits, Dual FAN, Full Size","R$ 1.721,64"
"Suporte Para Placa De Vídeo Ntc H21, Branco - H21WHT","R$ 36,71"
"Placa de Vídeo Palit Geforce GTX 1050 TI Stormx, 4GB, GDDR5, 128 Bits - NE5105T018G1-1070F","R$ 1.462,12"
Placa De Video Gt610 2gb Ddr3 Revenger HDMI Vga Dvi,"R$ 209,90"
"Placa de Vídeo PCYes NVIDIA GeForce GTX 1650 Super, 4GB GDDR6, 128 Bits","R$ 1.480,81"
"Placa de video Gpu Rx 550, 4GB, GDDR5, 128 Bits Projeto Edge - Pvex5504gbdf","R$ 575,28"
"Placa de Vídeo Quadro A800 PNY Nvidia, 40GB HBM2, 5120bits - VCNA800-PB","R$ 96.999,99"
"Bloco Vga Barrow Para Rtx 3080, 3080 Ti E 3090 Aorus - Bs-gix3090-pa2","R$ 699,00"
"Placa De Vídeo Gt730, GDDR3, 4GB, VGA, HD, Dvi, 128 Bits, 700mhz","R$ 304,90"
"Cabo Extensor Thermaltake TT Gaming Riser, 20cm, Cable PCI-E 3.0, Preto - AC053CN1OTNC1.","R$ 224,96"
"Placa De Vídeo RTX 3060m Golden Memory, Nvidia Geforce, 12GB","R$ 2.134,57"
"Placa de Vídeo MSI NVIDIA GeForce GTX 1050 TI 4GT OC, 4GB, Até 3 Monitores - 912-V809-2272","R$ 1.827,71"
"Placa de Vídeo Galax NVIDIA GeForce GTX 1630, 4GB DDR6, 64 Bits","R$ 1.283,01"
"Suporte para Placa de Vídeo Cooler Master Atlas, ARGB, Em Vidro Temperado, MCA-U000R-AGSBTG-00","R$ 359,99"
"Placa De Vídeo Msi RTX 4060 Ventus 2x Oc Black, Nvidia GeForce, 8GB, GDDR6 - 912-V516-012","R$ 2.937,09"
"Placa De Vídeo Pcyes GT 740 NVIDIA GeForce 4GB, GDDR5, 128Bits, Single Fan - Pvgt7404gbr5128","R$ 651,06"
"Placa De Vídeo RX 6750 XT Mech 2x 12G V1 Radeon, 12GB, GDDR6, Freesync, Dual Fan","R$ 6.299,20"
"Placa de Vídeo PCYes NVIDIA GeForce GPU R5 230, 2GB DDR3, 64 Bits, Low Profile - PJR230RLP","R$ 277,10"
"Placa de Vídeo Quadro RTX A4500 PNY NVIDIA, 20GB GDDR6, Ray Tracing - VCNRTXA4500-PB","R$ 13.999,99"
Bloco Vga Barrow Para Rtx 3060ti E 3070 Asus Strix - Bs-ass3070-pa,"R$ 599,00"
"Placa De Vídeo PCyes Geforce Gt 730, 4gb, Ddr5, 128bits - Pvgt730gb4pe","R$ 743,88"
Placa De Video Asus Geforce Cerberus Gtx 1050 Ti Oc 4gb - GDDR5 - HDMI/displayport/dvi,"R$ 2.185,00"
Apoio De Pulso Ergonômico Para Teclado 10t - Gotech Cor:preto,"R$ 37,99"
Placa De Video 1gb Gt220 Ddr3 128bit Vga/hdmi/dvi Low Profil Gl-gt220-1gb-d3 Goline,"R$ 203,92"
"Placa De Vídeo Brx Geforce RTX 2060, 6gb Gddr6, 192 Bits","R$ 1.998,66"
Placa De Video Evga Geforce 210 1gb Ddr3,"R$ 310,65"
Placa De Vídeo Arktek Cyclops Gaming 1gb Geforce Gt610 Ddr3 - Akn610d3s1gl1,"R$ 307,97"
Placa De Vídeo Rtx4060ti 8gb Twin X2 Gddr6 Inno3d - N406t2-08d6-171153n,"R$ 4.457,50"
Placa De Video Asus Geforce Gtx 1050 Ti Oc Cerberus Edition 4gb GDDR5 128bits,"R$ 2.052,00"
"Placa De Vídeo Gtx1050ti Nvidia, 4gb GDDR5, Clock 7008mhz, 128 Bit, PCi Express 3.0 Resolução Máxima 7680x4320px, Displayport, HDMI E Dvi, Alto Desempenho","R$ 1.110,57"
Placa De Video RTX 2060 Super Gddr6 8GB 256bit Graffiti Series - Pa2060s25608g6fs,"R$ 2.123,94"
Placa De Vídeo Galax Geforce Gtx 1050 Ti 1 Click Oc 4gb GDDR5 128 Bits Dp/hdmi/dvi,"R$ 1.699,55"
Placa De Video PCwinmax Radeon Rx 550 4gb GDDR5 128bits HDMI,"R$ 659,00"
Gpu Nv RTX4060 8GB Twin X2 Gd6 128 Bits Inno3d N40602-08d6-173051n,"R$ 2.809,00"
Placa De Video Nvidia Tesla P100 16gb,"R$ 2.374,00"
Placa De Video Rx550 Aitek - Delta-rx550,"R$ 521,82"
Placa De Video Zotac Geforce RTX 4060 Twin Edge 8GB Gddr6 128bit - Zt-d40600e-10m,"R$ 2.714,90"
"Placa De Vídeo Valianty Geforce Gt 750ti, 2gb, GDDR5, 128-bit, Preto","R$ 532,05"
"Placa De Vídeo Valianty Geforce Gt 750ti, 4gb, GDDR5, 128-bit, Preto","R$ 546,23"
"Placa De Vídeo Asrock Arc A770 Challenger Oc, 16gb, Gddr6, 256-bit, Preto","R$ 2.835,13"
"Placa De Vídeo Star 2GB, GT610, DDR3, 64bit, VGA/HDMI/DVI Low Profile - Gt610-graphic","R$ 276,33"
Placa De Captura ELGA to Game Capture Hd60 S Usb 3.0,"R$ 2.900,00"
"Placa De Vídeo Nvidia Geforce 2gb Gt 705, Gdrr3, 64 Bit, Gt705/2g - Revenger","R$ 249,99"
Placa De Video Winnfox 2gb Gt610lp,"R$ 249,40"
GPU GT730 GFORCE PCI-E 4GB DDR3 1284BITS JOINWIN,"R$ 607,05"
Placa De Vídeo Star 2gb Geforce Gt610 Ddr3 PCi Express Graphic Series,"R$ 324,57"
Placa Controladora Cabeça Impressão Lexmark X925 40x8119,"R$ 2.272,68"
Placa De Video Nvidia Afox Geforce 600 Series Gt 610 Af610-2048d3l7-v6 2gb,"R$ 250,00"
Geforce Rtx 3070 8gb Gddr6 256bits - Gamingpro Oc V1 - Palit Ne63070s19p2-1041a,"R$ 9.679,99"
Placa De Vídeo Geforce Gt 220 1gb Ddr3 128-bit – Desempenho E Qualidade,"R$ 269,90"
Placa De Vídeo Geforce Gt 220 1gb Ddr3 128-bit – Desempenho E Qualidade,"R$ 269,90"
Placa De Vídeo PCyes Nvidia Geforce Gt 740 4gb GDDR5 128 Bits - Pvgt740gb4pe,"R$ 875,88"
Gpu Nvidia Geforce Gt740 2gb GDDR5 128 Bit Single Fan Projeto Edge - Pvgt740gb2pe,"R$ 719,88"
Placa De Video Winnfox 2gb Gt610lp,"R$ 249,40"
"Placa De Vídeo Asrock Arc A750 Challenger D Oc, 8GB, Gddr6, 256-bit, Preto","R$ 2.249,90"
"Placa De Vídeo RTX 4060,Nvidia Geforce Inno3d, 8GB, GDDR6, Twin X2, 128-bit","R$ 2.945,00"
"Placa de Vídeo Pcyes Nvidia Geforce Rtx 3050, 6GB, GDDR6, 96Bits - PVRTX30506GB","R$ 1.449,99"
Placa De Vídeo PCyes Nvidia Geforce Gt 710 2gb Ddr3 64 Bits Low Profile - Ppet7102gblp,"R$ 290,90"
Placa De Video Nvidia Geforce G210 1gb Ddr3 64 Bits PCyes Com Kit Low Profile,"R$ 237,50"
"Placa De Vídeo RTX 3050 Inno3d Geforce Twin X2 8GB GDDR6, 128 Bits","R$ 1.805,15"
"Placa De Vídeo Pny Nvidia RTX 5000 Ada Generation, 32gb, Gddr6, 256bits - VcnRTX5000ada-pb","R$ 38.280,86"
"Placa De Vídeo Gt 710 Inno3d 2GB SDDR3, 64bit","R$ 287,13"
"Placa De Vídeo Nvidia Pcyes Geforce RTX 3050, 8GB, 128 BITS - PVRTX30508GB","R$ 1.977,60"
Placa De Video 4gb Gt730 Ddr3 128bit Vga/hdmi/dvi Gt730-graphic Star,"R$ 308,86"
"Placa De Video Tgt Geforce Gt730, 4gb, GDDR3, 128-bit, Tgt-gt730-4gb","R$ 549,00"
"Placa De Video Asus, 6GB, Geforce, Rtx 2060, Oc Evo, GDDR6 Dual","R$ 5.713,55"
"Placa De Vídeo Vx Pro Nvidia Geforce Gtx1050 Ti, 4gb, 128bits, Gtx1050ti-4gd5 Vx Pro","R$ 1.059,00"
Placa De Vídeo Quadro RTX 4500 Ada Generation 24gb Gddr6 192bits Pny - VcnRTX4500ada-pb,"R$ 26.628,71"
Placa De Video 4gb Gtx750ti 128bit Dvi/hdmi/vga Ddr5 Lp Gtx 750 Ti Szmz,"R$ 703,58"
"Placa De V?deo Vx Pro Amd Radeon Rx550, 2gb, 128bits, Rx550-2gd5 Vx Pro","R$ 564,25"
Geforce RTX 2070 Super Hall Of Fame Galax,"R$ 3.299,00"
"Placa De Vídeo Manli RTX 3050 6gb, Gddr6, 96-bits, Dual-fan, 1x Dp / 1x HDMI - M-nRTX3050/6rehp-m2587.","R$ 1.768,90"
"Placa de Vídeo AFOX GT 1030 NVIDIA GeForce 2GB, DDR5, HDMI/DVI","R$ 893,00"
Placa De Video Gpu Rx 550 4gb GDDR5 128 Bits Single Fan Graffiti Series PCyes,"R$ 1.681,50"
Placa De Video PCwinmax Gtx 1050 Ti 4gb GDDR5 128bits,"R$ 2.850,00"
Placa De Video Nvidia Geforce Gt210/1g 1,"R$ 145,35"
Amd Radeon Rx 7900 Gre 16gb Gddr6 256bits - Xfx - Rx-79gmercb9,"R$ 7.439,99"
Placa De Vídeo RTX 3070 G/pro 8GB Gddr6 256 Bits-graffiti.,"R$ 3.757,00"
"Placa De Video Pcyes Nvidia Geforce, Rtx 3060, 12GB, DDR6, 192 Bit, Graffiti Series, FULL Size, Dual Fan - Pgs3060fs192","R$ 2.499,00"
Placa De Vídeo Xfx Speedster Swft 210 Radeon Rx7600 Xt 16gb Gddr6 PCi-express,"R$ 3.451,50"
"Placa De Vídeo Rtx 4070ti 16GB, Super Tx2 G6x 256b Inno3d - N407ts2-166x-186156n","R$ 8.149,55"
Placa De Video RTX4060 8GB Gddr6 128bits Dual Fan Verto Pny Vcg40608dfxpb1-o,"R$ 3.133,90"
Amd Radeon Rx 6600 8GB Gddr6 128bits - Superframe Falcon Series - Sf-gc-fcam66008gd6w,"R$ 1.949,99"
Galax Geforce RTX™ 4080 Super St 1-click Oc 16gb Gddr6x 256-bit Dp*3/hdmi 2.1/dlss 3,"R$ 12.950,00"
"Placa De Vídeo Vxpro, Gt610lp,1gb Ddr3, 64 Bits, Low Profile, HDMI/dvi/vga - Vxgt610lp-1gd3","R$ 119,86"
Placa De Video Nvidia Geforce Gt 730 4gb 128bits GDDR3 HDMI,"R$ 349,00"
"Placa de Vídeo Knup NVIDIA GeForce, 2GB DDR3, 64 Bits, VGA, HDMI, Para PC - KP-GT730/BB","R$ 585,16"
Placa De Vídeo PCie Gt730 4gb PCwinmax Ddr3,"R$ 365,98"
"Placa De Vídeo Inno3d Gt730, 4GB, SDDR3, 64-bit","R$ 538,37"
"Placa De Vídeo Gt730, Inno3d, Nvidia Geforce , 2GB, SDDR3, 64bit","R$ 430,70"
"Placa De Vídeo Inno3d Gt730, 4GB, SDDR3, 64-bit","R$ 538,37"
"Placa de Vídeo Knup NVIDIA GeForce, 2GB DDR3, 64 Bits, VGA, HDMI, Para PC - KP-GT730/BB","R$ 585,16"
"Placa de Vídeo Afox NVIDIA GeForce GT 710, 1GB DDR3, PCI-E, DVI, VGA, HDMI, Low Profile - AF710-1024D3L8-V2","R$ 357,75"
"Placa de Vídeo PCYes NVIDIA GeForce GT 1030, 2GB GDDR5","R$ 689,00"
"Placa de Vídeo AFOX GeForce GTX750TI, 2GB, GDDR5, 128 Bits, HDMI/DVI/VGA - AF750TI-2048D5H5-V7","R$ 1.004,40"
"Placa de Vídeo Gainward NVIDIA GeForce GTX 1660 Super, 6GB GDDR6, 192 Bits, Dual FAN","R$ 5.592,00"
"Placa de Vídeo Gigabyte NVIDIA GeForce RTX 2060, 6GB GDDR6 - GV-N2060D6-6GD","R$ 3.500,00"
Adaptador Para Duas Fontes E Mineração Psuad 2psu/1pc Tx-n02-b 4pinos Molex,"R$ 21,90"
"Placa de Vídeo Galax NVIDIA GeForce RTX 3050, 8GB GDDR6, 128 Bits","R$ 2.975,00"
Bloco VGA Barrow Para Rtx 3080 (ti) E Rtx 3090 Msi Gaming Trio - Bs-msg3090m-pa,"R$ 599,00"
"Placa de Vídeo Gigabyte RX 6500 XT EAGLE AMD , 4GB GDDR6 - GV-R65XTEAGLE-4GD",Unavailable
"Placa de Vídeo GT 210 Galax NVIDIA GeForce, 1GB DDR3, 64 Bits - 21GGF4HI00NP",Unavailable
"Placa de Vídeo GT 740 PCYES NVIDIA GeForce, 4GB, GDDR5, 128 Bits Single Fan - PVGT7404GBR5128",Unavailable
"Placa de Vídeo RTX 3070 Ti Trinity Zotac NVIDIA GeForce, 8GB, GDDR6X, 19 Gbps, LHR, Ray Tracing, DLSS, RGB - ZT-A30710D-10P",Unavailable
"Placa de Vídeo Galax NVIDIA GeForce GTX 1660 1-Click OC, 6GB, GDDR5 - 60SRH7DSY91C",Unavailable
"Placa de Vídeo RTX 3060 Ti FTW3 Ultra Gaming EVGA NVIDIA GeForce, ARGB LED, 8GB GDDR6, DLSS, LHR, Ray Tracing - 08G-P5-3667-KL",Unavailable
"Placa de Vídeo RX 6700 XT XFX Speedster QICK319 AMD Radeon Black Gaming, 12GB GDDR6, 16Gbps, AMD RDNA 2 Architecture - RX-67XTYPBDP",Unavailable
"Placa de Vídeo AXRX 6600 3DH Power Color Fighter AMD Radeon, 8GB, GDDR6, Preto - AXRX 6600 8GBD6-3DH",Unavailable
"Placa de Vídeo RX 6700 XT GAMING OC 12G Gigabyte Radeon, 12GB GDDR6, RGB Fusion e WindForce, AMD RDNA 2 - GV-R67XTGAMING OC-12GD",Unavailable
"Placa de Vídeo RTX 2060 KO Ultra Gaming EVGA NVIDIA GeForce, 6 GB GDDR6 - 06G-P4-2068-KR",Unavailable
"Placa de Vídeo RTX 3080 Ti VISION OC 12G Gigabyte NVIDIA GeForce, 12GB GDDR6X, RGB Fusion, Ray Tracing, LHR, DLSS - GV-N308TVISION OC-12GD",Unavailable
"Placa de Vídeo RTX 2060 SC Gaming EVGA NVIDIA GeForce, 6 GB GDDR6 - 06G-P4-2062-KR",Unavailable
"Placa de Vídeo Gigabyte AMD Radeon RX 5600 XT Windforce OC 6G, 6GB, GDDR6, (rev 1.0) - GV-R56XTWF2OC-6GD",Unavailable
"Placa de Vídeo RX 550 Sapphire AMD Radeon Pulse, 4 GB GDDR5 - 11268-01-20G",Unavailable
"Placa de Vídeo RTX 3090 GAMING BOX Gigabyte AORUS, 24GB, GDDR6X, RGB Fusion e WaterForce - GV-N3090IXEB-24GD",Unavailable
"Placa de Vídeo RTX 2060 D6 Gigabyte NVIDIA GeForce, 6GB GDDR6 - GV-N2060D6-6GD",Unavailable
"Placa de Vídeo GTX 1050 Ti Pcyes NVIDIA GeForce Graffiti Series, 4GB GDDR5, G-Sync - PJ1050TI4GBDF",Unavailable
"Placa de Vídeo GTX 1660 Super Ventus XS OC MSI NVIDIA GeForce, 6GB, GDDR6",Unavailable
"Placa de Vídeo RX 550 PCYes AMD Radeon, 4GB GDDR5, Graffiti Series - PJRX550DR5128B",Unavailable
"Placa de Vídeo Pcyes NVIDIA GeForce GTX 1050 Ti, 4 GB GDDR5, 128Bits, Dual Fan, Graffiti Series - PAXGTX1050TI4GBDR5",Unavailable
"Placa de Vídeo RX 580 PCYes AMD Dual Fan, 8GB, GDDR5, 256Bits 2048SP, Graffiti Series - PVRX5808GBDF",Unavailable
"Placa de Vídeo RTX 3080 Zotac GeForce, 10GB, GDDR6X - ZT-A30800J-10P",Unavailable
"Placa de Vídeo RX 6900 XT Gigabyte Radeon, 16 GB, GDDR6, RGB Fusion - GV-R69XTGAMING OC-16GD",Unavailable
"Placa de Vídeo RTX 2060 Ventus MSI NVIDIA GeForce, 12 GB GDDR6, Ray Tracing - RTX 2060 VENTUS 12G OC",Unavailable
"Placa de Vídeo RTX 3080 Trinity Zotac NVIDIA GeForce, 10GB GDDR6X, 19 Gbps, LHR, Ray Tracing, DLSS, RGB - ZT-A30800D-10PLHR",Unavailable
"Placa de Vídeo T400 PNY NVIDIA, 2GB, GDDR6 - VCNT400-PB",Unavailable
"Placa de Vídeo GTX 1660 Super Twin Fan Zotac Gaming NVIDIA GeForce, 6 GB GDDR6 - ZT-T16620F-10L",Unavailable
"Placa de Vídeo GT 710 Passive Galax NVIDIA GeForce, 2GB, DDR3 - 71GPF4HI00GX",Unavailable
"Placa de Vídeo RTX 3060 Ti Twin Edge Zotac NVIDIA GeForce, 8GB GDDR6, 14 Gbps, LHR, DLSS, Ray Tracing - ZT-A30610E-10MLHR",Unavailable
"Placa de Vídeo Zotac Gaming NVIDIA GeForce RTX 2060, 6GB, GDDR6 - ZT-T20600H-10M",Unavailable
"Placa de Vídeo RX 5500 XT OC Gigabyte AMD Radeon, 4GB, GDDR6 - GV-R55XTOC-4GD",Unavailable
"Placa de Vídeo RTX 3070 O8G V2 Gaming Asus NVIDIA GeForce ROG Strix, 8GB, GDDR6, DLSS, LHR, Ray Tracing, RGB",Unavailable
"Placa de Vídeo RX 570 Gaming Gigabyte AMD Radeon, 4GB, GDDR5, REV 2.0 - GV-RX570GAMING-4GD",Unavailable
"Placa de Video PowerColor Radeon Red Devil RX 6800XT, 16GB, GDDR6 - RX 6800 XT 16GB GDDR6",Unavailable
"Placa de Vídeo R7 240 PCYes AMD Radeon, 4GB GDDR5, 128 Bits - PJ7R240DR5",Unavailable
"Placa de Vídeo RTX 3080 XC3 Ultra Gaming EVGA NVIDIA GeForce, 10GB GDDR6X, iCX3 Cooling, ARGB LED, LHR, DLSS, Ray Tracing - 10G-P5-3885-KL",Unavailable
"Placa de Vídeo GTX 1050 Ti Gigabyte NVIDIA GeForce D5, 4GB GDDR5 - GV-N105TD5-4GD",Unavailable
"Placa de Vídeo RTX 2060 Plus 1-Click OC Galax NVIDIA, 6GB GDDR6, LED, Ray Tracing - 26NRL7HP68CX",Unavailable
"Placa de Vídeo GTX 1660 Super OC Gigabyte NVIDIA Geforce, 6GB GDDR6 - GV-N166SOC-6GD",Unavailable
"Placa de Vídeo RTX 3090 Turbo 24G Gigabyte NVIDIA GeForce, 24GB GDDR6X, DLSS, Ray Tracing - GV-N3090TURBO-24GD",Unavailable
"Placa de Vídeo RTX 2060 Ventus GP OC MSI NVIDIA GeForce, 6GB GDDR6, 3x DisplayPort, HDMI - 912-V375-808",Unavailable
"Placa de Vídeo RTX 3060 EVGA GeForce XC GAMING, 12GB GDDR6, DualFan, Metal Backplate, DLSS, Ray Tracing - 12G-P5-3657-KR",Unavailable
"Placa de Vídeo GT 710 EVGA NVIDIA GeForce 2GB, DDR3 - 02G-P3-2713-KR",Unavailable
"Placa de Vídeo GT 1030 EVGA NVIDIA GeForce SC 2GB, GDDR5 - 02G-P4-6338-KR",Unavailable
"Placa de Vídeo RX 550 ASRock AMD Radeon Phantom Gaming, 2GB GDDR5 - 90-GA0500-00UANF",Unavailable
"Placa de Vídeo GTX 1660 Asus Phoenix NVIDIA GeForce 6GB, GDDR5 - PH-GTX1660-O6G",Unavailable
"Placa de Vídeo RX 570 PowerColor AMD Radeon, 4GB, GDDR5 - AXRX 570 4GBD5-DHDV3/OC",Unavailable
"Placa de Vídeo Quadro P1000 PNY NVIDIA, 4GB, GDDR5 - VCQP1000V2-PB",Unavailable
"Placa de Vídeo RX 6700 XT XFX Speedster MERC319 AMD Radeon Black Gaming, 12GB GDDR6, 16Gbps, AMD RDNA 2 Architecture - RX-67XTYTBDP",Unavailable
"Placa de Vídeo RX 6900 XT XFX SPEEDSTER MERC319 AMD Radeon Limited Black Gaming, 16GB GDDR6, 16 Gbps, AMD RDNA 2 - RX-69XTACSD9",Unavailable
"Placa de Vídeo RX 560 Afox Radeon, 4GB, DDR5, 128Bit, ATX Dual Fan, HDMI/DisplayPort, Preto - AFRX560-4096D5H4-V2",Unavailable
"Placa de Vídeo GTX 1050 Pcyes NVIDIA GeForce, 2GB, GDDR5, Dual Fan, Graffiti Series - PA10502GBDF128",Unavailable
"Placa de Vídeo RX 550 PCYes AMD Radeon, 4GB, GDDR5, 128 Bits Dual Fan, Graffiti Series - PAXRX550DR5DF",Unavailable
"Placa de Vídeo Gigabyte NVIDIA GeForce GTX 1050 Ti OC 4G, GDDR5 - GV-N105TOC-4GD",Unavailable
"Placa de Vídeo GTX 1050 Ti Gigabyte NVIDIA GeForce OC 4GB, GDDR5 - GV-N105TOC-4GL",Unavailable
"Placa de Vídeo PowerColor AMD Radeon RX 580 Red Devil 8GB, GDDR5 - AXRX 580 8GBD5-3DH/OC",Unavailable
Placa de Vídeo VGA NVIDIA GIGABYTE GEFORCE GT 1030 2GB OC GDDR5 GV-N1030OC-2GI,Unavailable
"Placa de Vídeo VGA Gigabyte NVIDIA Geforce RTX 2080 Ti Gaming 11GB, GDDR6, 352 bits, PCI-E 3.0 - GV-N208TGAMING OC-11GC",Unavailable
"Placa de Vídeo Gigabyte NVIDIA GeForce RTX 2060 Mini ITX OC 6G, GDDR6 - GV-N2060IXOC-6GD",Unavailable
"Placa de Vídeo GTX 1660 Ti Zotac NVIDIA GeForce AMP 6GB, GDDR6 - ZT-T16610D-10M",Unavailable
"Placa de Vídeo Gigabyte NVIDIA GeForce RTX 2060 Gaming OC Pro 6G, GDDR6 - GV-N2060GAMINGOC PRO-6GD",Unavailable
"Placa de Vídeo Gigabyte NVIDIA GeForce RTX 2060 WindForce 6G, GDDR6 - GV-N2060WF2-6GD",Unavailable
"Placa de Vídeo Gigabyte NVIDIA GeForce RTX 2060 Super Windforce OC 8G, GDDR6 - GV-N206SWF2OC-8GD",Unavailable
"Placa de Video Asrock Phantom Gaming D Radeon RX570 4G, GDDR5",Unavailable
"Placa de Vídeo Gigabyte NVIDIA GeForce RTX 2080 Super Gaming OC, 8GB, GDDR6 - GV-N208SGAMING OC-8GC",Unavailable
"Placa de Vídeo Gigabyte AMD Radeon RX 5700 XT Gaming OC, 8GB, GDDR6 - GV-R57XTGAMING OC-8GD",Unavailable
"Placa de Vídeo Gigabyte AMD Radeon RX 5700 Gaming OC, 8GB, GDDR6 - GV-R57GAMING OC-8GD",Unavailable
"Placa de Vídeo Gigabyte NVIDIA GeForce GTX 1650 Super Windforce OC 4G, GDDR6 - GV-N165SWF2OC-4GD",Unavailable
"Placa de Vídeo Gigabyte AMD Radeon RX 5500 XT Gaming OC 8GB, GDDR6 - GV-R55XTGAMING OC-8GD",Unavailable
"Placa de Vídeo Gigabyte AMD Radeon RX 5500 XT OC 8GB, GDDR6 - GV-R55XTOC-8GD",Unavailable
"Placa de Vídeo RTX 2080 Super Gaming OC Waterforce WB Gigabyte NVIDIA GeForce, 8GB GDDR6 - GV-N208SGAMINGOC WB-8GD",Unavailable
"Placa de Vídeo Gigabyte NVIDIA GeForce GTX 1650 Super OC, 4GB, GDDR6 - GV-N165SOC-4GD",Unavailable
"Placa de Vídeo Gigabyte NVIDIA GeForce GTX 1650 OC Low Profile, 4GB, GDDR5 - GV-N1650OC-4GL",Unavailable
"Placa de Vídeo Gigabyte AMD Radeon RX 5500 XT Gaming OC, 4GB, GDDR6 - GV-R55XTGAMING OC-4GD",Unavailable
"Placa de Vídeo Gigabyte AMD Radeon RX 5600 XT Gaming OC, 6GB, GDDR6 - GV-R56XTGAMING OC-6GD",Unavailable
"Placa de Vídeo Gigabyte NVIDIA GeForce RTX 2070 Super Windforce 3X, 8GB, GDDR6 - GV-N207SWF3-8GD",Unavailable
"Placa de Vídeo Gigabyte NVIDIA GeForce RTX 2060 OC, 6GB, GDDR6, REV 2.0 - GV-N2060OC-6GD",Unavailable
"Placa de Vídeo RX 5600 XT Phantom Gaming D2 OC ASRock AMD Radeon, 6GB, DDR6 - 90-GA1WZZ-00UANF",Unavailable
"Placa de Vídeo RX 5600 XT Challenger D OC ASRock AMD Radeon, 6GB, DDR6 - 90-GA1XZZ-00UANF",Unavailable
"Placa de Vídeo Gigabyte AMD Radeon RX 580 Gaming, 8GB, GDDR5, REV 2.0 - GV-RX580GAMING-8GD REV2.0",Unavailable
"Placa de Vídeo RX 5500 XT PowerColor AMD Radeon, 8GB, GDDR6 - 8GBD6-DH/OC 1A1-G00325500G",Unavailable
"Placa de Vídeo Gigabyte NVIDIA GeForce RTX 2060 Windforce OC, 6GB, GDDR6, REV 2.0 - GV-N2060WF2OC-6GD (Rev 2.0)",Unavailable
"Placa de Vídeo Gigabyte NVIDIA GeForce RTX 2060 Gaming OC Pro, 6GB, GDDR6, REV 2.0 - GV-N2060GAMINGOC PRO-6GD REV2.0",Unavailable
"Placa de Vídeo ASRock AMD Radeon RX 5500 XT Challenger D 4G OC, 4GB, GDDR6 - RX5500XT CLD 4GO",Unavailable
"Placa de Vídeo Gigabyte NVIDIA GeForce GTX 1650 WindForce 4G, 4GB, GDDR5 - GV-N1650WF2-4GD",Unavailable
"Placa de Vídeo GTX 1650 0C Gigabyte NVIDIA GeForce D6 4G, 4GB, GDDR6 - GV-N1656OC-4GD",Unavailable
"Placa de Vídeo GT 730 Gigabyte NVIDIA GeForce, 2GB GDDR5 - GV-N730D5-2GI (rev 2.0)",Unavailable
"Placa de Vídeo Gigabyte AMD Radeon RX570 Gaming 8G, 8GB, GDDR5, REV 2.0 - GV-RX570GAMING-8GD",Unavailable
"Placa de Vídeo PowerColor AMD Radeon RX 550, 4GB, DDR5 - AXRX 550 4GBD5-DH",Unavailable
"Placa de Vídeo Gigabyte NVIDIA GeForce RTX 2060 Super Gaming 8G, 8GB, GDDR6 - GV-N206SGAMING-8GC",Unavailable
"Placa de Vídeo Gigabyte NVIDIA GeForce GTX 1650 D6 OC Low Profile 4G, 4GB, GDDR6 - GV-N1656OC-4GL",Unavailable
"Placa de Vídeo Gigabyte NVIDIA GeForce RTX 2060 Super WindForce 8G, GDDR6, Rev 1.1 ? GV-N206SWF2-8GD",Unavailable
"Placa de Vídeo Gigabyte Radeon RX 5500 XT D6, AMD/ATI, 4G, GDDR6 - GV-R55XTD6-4GD",Unavailable
"Placa de Vídeo Gigabyte Radeon RX 5500 XT D6, AMD/ATI, 8G, GDDR6 - GV-R55XTD6-8GD",Unavailable
"Placa de Vídeo Gigabyte Radeon Windforce RX 5600 XT, AMD/ATI, 6GB - GV-R56XTWF2-6GD (rev 1.0)",Unavailable
"Placa de Vídeo Gigabyte NVIDIA GeForce GTX 1650 D6 WINDFORCE OC, 4G, GDDR6, Rev. 2.0 - GV-N1656WF2OC-4GD",Unavailable
"Placa de Vídeo RTX 3080 EVGA NVIDIA GeForce, 10GB, GDDR6X - 10G-P5-3897-KR",Unavailable
"Placa de Vídeo Gigabyte AMD Radeon RX 5600 XT WINDFORCE 6G, GDDR6 (Rev. 2.0) - GV-R56XTWF2-6GD",Unavailable
"Placa de Vídeo Asus NVIDIA GeForce TUF Gaming RTX 3070, O8G, GDDR6 - TUF-RTX3070-O8G-GAMING",Unavailable
"Placa de Vídeo RTX 3070 Twin Edge OC Zotac NVIDIA GeForce, 8GB, GDDR6 - ZT-A30700H-10P",Unavailable
"Placa de Vídeo RTX 3070 Master Gigabyte NVIDIA Aorus GeForce, 8GB GDDR6 - GV-N3070AORUS M-8GD",Unavailable
"Placa de Vídeo Gigabyte NVIDIA AORUS GeForce RTX 3080 Master, 10GB, GDDR6X - GV-N3080AORUS M-10GD",Unavailable
"Placa de Video Gigabyte Aorus Radeon RX6800 XT, 16 GB, GDDR6, RGB - GV-R68XTAORUS M-16GC",Unavailable
"Placa de Vídeo XFX RX 550, 4GB, DDR5 - RX-550P4PFG5",Unavailable
"Placa de Video PowerColor Radeon Red Devil RX 6900XT, 16GB, GDDR6, LED",Unavailable
"Placa de Vídeo ASRock RX 6700 XT Phantom Gaming D 12G OC, 16 Gbps, 12GB GDDR6, AMD RDNA 2 Architecture, Polychrome SYNC - RX6700XT PGD 12GO",Unavailable
"Placa de Vídeo Gigabyte GeForce RTX 3080 Ti GAMING OC 12G LHR, 12GB GDDR6X, RGB Fusion, Ray Tracing - GV-N308TGAMING OC-12GD",Unavailable
"Placa de Vídeo RX 6800 XT XFX Speedster MERC319 AMD Radeon CORE Gaming, 16GB, GDDR6, 16Gbps, AMD RDNA 2 Architecture - RX-68XTALFD9",Unavailable
"Placa de Vídeo RTX 3090 Xtreme Waterforce Gigabyte Aorus NVIDIA GeForce, RGB, 24G, GDDR6X, DLSS, Ray Tracing - GV-N3090AORUSX W-24GD",Unavailable
"Placa de Vídeo Gigabyte Aorus Radeon RX 6700 XT Elite 12G, RGB, GDDR6, DLSS, Ray Tracing - GV-R67XTAORUS E-12GD",Unavailable
"Placa de Vídeo RTX 3060 Ti KO V2 OC Gaming Asus NVIDIA GeForce, LHR, 8GB GDDR6, 14Gbps, Ray Tracing, DLSS, RGB, Preto - 90YV0G1G-M0NA00",Unavailable
"Placa de Vídeo RX 6700 XT Sapphire Pulse AMD Radeon, 12GB GDDR6, OC, Ray Tracing, Preto - 11306-05-20G",Unavailable
"Placa de Vídeo GTX 1660 Ti XC Ultra Black Gaming EVGA NVIDIA GeForce, 6GB GDDR6, Dual HDB Fans - 06G-P4-1265-KR",Unavailable
"Placa de Vídeo Pcyes NVIDIA GeForce GTX 750 TI, 2GB, GDDR5, Dual Fan - PJ750TIR5DF",Unavailable
"Placa de Vídeo Pcyes AMD Radeon RX 560, 4GB, GDDR5, Graffiti Series - PJRX560R5128",Unavailable
"Placa de Vídeo RTX 3080 GAMING BOX Aorus NVIDIA Geforce, rev. 2.0, 10GB, GDDR6X, LHR, Ray Tracing - GV-N3080IXEB-10GD",Unavailable
"Placa de Vídeo GTX 1050 Ti PCyes NVIDIA Geforce, 4GB GDDR5, Graffiti Series - PJGF1050TI4GB / 107744",Unavailable
"Placa de Vídeo RTX 3050 Gaming OC Asus NVIDIA GeForce ROG Strix, 8GB, GDDR6 - 90YV0HI1-M0NA00",Unavailable
